route_id,agency_id,route_short_name,route_type,route_color,route_text_color
MP52,BKK,M2,3,1188FF,000000
MP52,BKK,M2,3,1188FF,000000
MP525,BKK,M2E,3,1188FF,000000
MP525,BKK,M2E,3,1188FF,000000
VP01,BKK,1V,3,1188FF,000000
VP01,BKK,1V,3,1188FF,000000
VP02,BKK,2V,3,1188FF,000000
VP02,BKK,2V,3,1188FF,000000
VP06,BKK,6V,3,1188FF,000000
VP06,BKK,6V,3,1188FF,000000
VP101,BKK,101V,3,1188FF,000000
VP101,BKK,101V,3,1188FF,000000
VP42,BKK,42V,3,1188FF,000000
VP42,BKK,42V,3,1188FF,000000
VP61,BKK,61V,3,1188FF,000000
VP61,BKK,61V,3,1188FF,000000
0050,BKK,5,3,1188FF,000000
0050,BKK,5,3,1188FF,000000
0070,BKK,7,3,1188FF,000000
0070,BKK,7,3,1188FF,000000
0071,BKK,7A,3,1188FF,000000
0071,BKK,7A,3,1188FF,000000
0075,BKK,7E,3,1188FF,000000
0075,BKK,7E,3,1188FF,000000
0078,BKK,7,3,1188FF,000000
0080,BKK,8,3,1188FF,000000
0080,BKK,8,3,1188FF,000000
0090,BKK,9,3,1188FF,000000
0090,BKK,9,3,1188FF,000000
0110,BKK,11,3,1188FF,000000
0110,BKK,11,3,1188FF,000000
0130,BKK,13,3,1188FF,000000
0130,BKK,13,3,1188FF,000000
0131,BKK,13A,3,1188FF,000000
0131,BKK,13A,3,1188FF,000000
0150,BKK,15,3,1188FF,000000
0150,BKK,15,3,1188FF,000000
0160,BKK,16,3,1188FF,000000
0160,BKK,16,3,1188FF,000000
0161,BKK,16A,3,1188FF,000000
0161,BKK,16A,3,1188FF,000000
0205,BKK,20E,3,1188FF,000000
0205,BKK,20E,3,1188FF,000000
0210,BKK,21,3,1188FF,000000
0210,BKK,21,3,1188FF,000000
0211,BKK,21A,3,1188FF,000000
0211,BKK,21A,3,1188FF,000000
0220,BKK,22,3,1188FF,000000
0220,BKK,22,3,1188FF,000000
0221,BKK,22A,3,1188FF,000000
0221,BKK,22A,3,1188FF,000000
0230,BKK,23,3,1188FF,000000
0230,BKK,23,3,1188FF,000000
0235,BKK,23E,3,1188FF,000000
0235,BKK,23E,3,1188FF,000000
0250,BKK,25,3,1188FF,000000
0250,BKK,25,3,1188FF,000000
0260,BKK,26,3,1188FF,000000
0260,BKK,26,3,1188FF,000000
0270,BKK,27,3,1188FF,000000
0270,BKK,27,3,1188FF,000000
0290,BKK,29,3,1188FF,000000
0290,BKK,29,3,1188FF,000000
0300,BKK,30,3,1188FF,000000
0300,BKK,30,3,1188FF,000000
0301,BKK,30A,3,1188FF,000000
0301,BKK,30A,3,1188FF,000000
0310,BKK,31,3,1188FF,000000
0310,BKK,31,3,1188FF,000000
0320,BKK,32,3,1188FF,000000
0320,BKK,32,3,1188FF,000000
0330,BKK,33,3,1188FF,000000
0330,BKK,33,3,1188FF,000000
0340,BKK,34,3,1188FF,000000
0340,BKK,34,3,1188FF,000000
0350,BKK,35,3,1188FF,000000
0350,BKK,35,3,1188FF,000000
0360,BKK,36,3,1188FF,000000
0360,BKK,36,3,1188FF,000000
0380,BKK,38,3,1188FF,000000
0380,BKK,38,3,1188FF,000000
0390,BKK,39,3,1188FF,000000
0390,BKK,39,3,1188FF,000000
0400,BKK,40,3,1188FF,000000
0400,BKK,40,3,1188FF,000000
0405,BKK,40E,3,1188FF,000000
0405,BKK,40E,3,1188FF,000000
0440,BKK,44,3,1188FF,000000
0440,BKK,44,3,1188FF,000000
0450,BKK,45,3,1188FF,000000
0450,BKK,45,3,1188FF,000000
0460,BKK,46,3,1188FF,000000
0460,BKK,46,3,1188FF,000000
0530,BKK,53,3,1188FF,000000
0530,BKK,53,3,1188FF,000000
0540,BKK,54,3,1188FF,000000
0540,BKK,54,3,1188FF,000000
0550,BKK,55,3,1188FF,000000
0550,BKK,55,3,1188FF,000000
0570,BKK,57,3,1188FF,000000
0580,BKK,58,3,1188FF,000000
0580,BKK,58,3,1188FF,000000
0630,BKK,63,3,1188FF,000000
0630,BKK,63,3,1188FF,000000
0640,BKK,64,3,1188FF,000000
0640,BKK,64,3,1188FF,000000
0641,BKK,64A,3,1188FF,000000
0641,BKK,64A,3,1188FF,000000
0650,BKK,65,3,1188FF,000000
0650,BKK,65,3,1188FF,000000
0660,BKK,66,3,1188FF,000000
0660,BKK,66,3,1188FF,000000
0665,BKK,66E,3,1188FF,000000
0665,BKK,66E,3,1188FF,000000
0670,BKK,67,3,1188FF,000000
0670,BKK,67,3,1188FF,000000
0680,BKK,68,3,1188FF,000000
0680,BKK,68,3,1188FF,000000
0710,BKK,71,3,1188FF,000000
0710,BKK,71,3,1188FF,000000
0845,BKK,84E,3,1188FF,000000
0845,BKK,84E,3,1188FF,000000
0850,BKK,85,3,1188FF,000000
0850,BKK,85,3,1188FF,000000
0855,BKK,85E,3,1188FF,000000
0855,BKK,85E,3,1188FF,000000
0858,BKK,85,3,1188FF,000000
0860,BKK,86,3,1188FF,000000
0860,BKK,86,3,1188FF,000000
0870,BKK,87,3,1188FF,000000
0870,BKK,87,3,1188FF,000000
0871,BKK,87A,3,1188FF,000000
0871,BKK,87A,3,1188FF,000000
0880,BKK,88,3,1188FF,000000
0880,BKK,88,3,1188FF,000000
0895,BKK,89E,3,1188FF,000000
0895,BKK,89E,3,1188FF,000000
0910,BKK,91,3,1188FF,000000
0910,BKK,91,3,1188FF,000000
0920,BKK,92,3,1188FF,000000
0920,BKK,92,3,1188FF,000000
0930,BKK,93,3,1188FF,000000
0930,BKK,93,3,1188FF,000000
0931,BKK,93A,3,1188FF,000000
0931,BKK,93A,3,1188FF,000000
0945,BKK,94E,3,1188FF,000000
0945,BKK,94E,3,1188FF,000000
0950,BKK,95,3,1188FF,000000
0950,BKK,95,3,1188FF,000000
0960,BKK,96,3,1188FF,000000
0960,BKK,96,3,1188FF,000000
0975,BKK,97E,3,1188FF,000000
0975,BKK,97E,3,1188FF,000000
0980,BKK,98,3,1188FF,000000
0980,BKK,98,3,1188FF,000000
0985,BKK,98E,3,1188FF,000000
0985,BKK,98E,3,1188FF,000000
0990,BKK,99,3,1188FF,000000
0990,BKK,99,3,1188FF,000000
1000,BKK,100,3,1188FF,000000
1020,BKK,102,3,1188FF,000000
1020,BKK,102,3,1188FF,000000
1030,BKK,103,3,1188FF,000000
1030,BKK,103,3,1188FF,000000
1040,BKK,104,3,1188FF,000000
1040,BKK,104,3,1188FF,000000
1041,BKK,104A,3,1188FF,000000
1041,BKK,104A,3,1188FF,000000
1050,BKK,105,3,1188FF,000000
1050,BKK,105,3,1188FF,000000
1060,BKK,106,3,1188FF,000000
1060,BKK,106,3,1188FF,000000
1075,BKK,107E,3,1188FF,000000
1075,BKK,107E,3,1188FF,000000
1110,BKK,111,3,1188FF,000000
1110,BKK,111,3,1188FF,000000
1120,BKK,112,3,1188FF,000000
1120,BKK,112,3,1188FF,000000
1130,BKK,113,3,1188FF,000000
1130,BKK,113,3,1188FF,000000
1131,BKK,113A,3,1188FF,000000
1131,BKK,113A,3,1188FF,000000
1140,BKK,114,3,1188FF,000000
1140,BKK,114,3,1188FF,000000
1150,BKK,115,3,1188FF,000000
1150,BKK,115,3,1188FF,000000
1160,BKK,116,3,1188FF,000000
1160,BKK,116,3,1188FF,000000
1170,BKK,117,3,1188FF,000000
1170,BKK,117,3,1188FF,000000
1180,BKK,118,3,1188FF,000000
1180,BKK,118,3,1188FF,000000
1190,BKK,119,3,1188FF,000000
1190,BKK,119,3,1188FF,000000
1200,BKK,120,3,1188FF,000000
1200,BKK,120,3,1188FF,000000
1210,BKK,121,3,1188FF,000000
1210,BKK,121,3,1188FF,000000
1220,BKK,122,3,1188FF,000000
1220,BKK,122,3,1188FF,000000
1230,BKK,123,3,1188FF,000000
1230,BKK,123,3,1188FF,000000
1231,BKK,123A,3,1188FF,000000
1231,BKK,123A,3,1188FF,000000
1240,BKK,124,3,1188FF,000000
1240,BKK,124,3,1188FF,000000
1250,BKK,125,3,1188FF,000000
1250,BKK,125,3,1188FF,000000
1260,BKK,126,3,1188FF,000000
1260,BKK,126,3,1188FF,000000
1261,BKK,126A,3,1188FF,000000
1261,BKK,126A,3,1188FF,000000
1280,BKK,128,3,1188FF,000000
1280,BKK,128,3,1188FF,000000
1290,BKK,129,3,1188FF,000000
1290,BKK,129,3,1188FF,000000
1300,BKK,130,3,1188FF,000000
1300,BKK,130,3,1188FF,000000
1310,BKK,131,3,1188FF,000000
1310,BKK,131,3,1188FF,000000
1330,BKK,133,3,1188FF,000000
1330,BKK,133,3,1188FF,000000
1335,BKK,133E,3,1188FF,000000
1335,BKK,133E,3,1188FF,000000
1340,BKK,134,3,1188FF,000000
1340,BKK,134,3,1188FF,000000
1365,BKK,136E,3,1188FF,000000
1365,BKK,136E,3,1188FF,000000
1370,BKK,137,3,1188FF,000000
1370,BKK,137,3,1188FF,000000
1380,BKK,138,3,1188FF,000000
1380,BKK,138,3,1188FF,000000
1390,BKK,139,3,1188FF,000000
1390,BKK,139,3,1188FF,000000
1400,BKK,140,3,1188FF,000000
1400,BKK,140,3,1188FF,000000
1407,BKK,140i,3,1188FF,000000
1407,BKK,140i,3,1188FF,000000
1410,BKK,141,3,1188FF,000000
1410,BKK,141,3,1188FF,000000
1430,BKK,143,3,1188FF,000000
1440,BKK,144,3,1188FF,000000
1440,BKK,144,3,1188FF,000000
1460,BKK,146,3,1188FF,000000
1461,BKK,146A,3,1188FF,000000
1470,BKK,147,3,1188FF,000000
1470,BKK,147,3,1188FF,000000
1480,BKK,148,3,1188FF,000000
1480,BKK,148,3,1188FF,000000
1490,BKK,149,3,1188FF,000000
1490,BKK,149,3,1188FF,000000
1500,BKK,150,3,1188FF,000000
1500,BKK,150,3,1188FF,000000
1505,BKK,150E,3,1188FF,000000
1505,BKK,150E,3,1188FF,000000
1510,BKK,151,3,1188FF,000000
1510,BKK,151,3,1188FF,000000
1518,BKK,151,3,1188FF,000000
1520,BKK,152,3,1188FF,000000
1520,BKK,152,3,1188FF,000000
1530,BKK,153,3,1188FF,000000
1530,BKK,153,3,1188FF,000000
1550,BKK,155,3,1188FF,000000
1550,BKK,155,3,1188FF,000000
1560,BKK,156,3,1188FF,000000
1560,BKK,156,3,1188FF,000000
1570,BKK,157,3,1188FF,000000
1570,BKK,157,3,1188FF,000000
1590,BKK,159,3,1188FF,000000
1590,BKK,159,3,1188FF,000000
1600,BKK,160,3,1188FF,000000
1600,BKK,160,3,1188FF,000000
1610,BKK,161,3,1188FF,000000
1610,BKK,161,3,1188FF,000000
1611,BKK,161A,3,1188FF,000000
1611,BKK,161A,3,1188FF,000000
1620,BKK,162,3,1188FF,000000
1620,BKK,162,3,1188FF,000000
1621,BKK,162A,3,1188FF,000000
1621,BKK,162A,3,1188FF,000000
1640,BKK,164,3,1188FF,000000
1640,BKK,164,3,1188FF,000000
1650,BKK,165,3,1188FF,000000
1650,BKK,165,3,1188FF,000000
1660,BKK,166,3,1188FF,000000
1660,BKK,166,3,1188FF,000000
1661,BKK,166A,3,1188FF,000000
1661,BKK,166A,3,1188FF,000000
1685,BKK,168E,3,1188FF,000000
1685,BKK,168E,3,1188FF,000000
1695,BKK,169E,3,1188FF,000000
1695,BKK,169E,3,1188FF,000000
1700,BKK,170,3,1188FF,000000
1700,BKK,170,3,1188FF,000000
1725,BKK,172E,3,1188FF,000000
1725,BKK,172E,3,1188FF,000000
1740,BKK,174,3,1188FF,000000
1740,BKK,174,3,1188FF,000000
1750,BKK,175,3,1188FF,000000
1750,BKK,175,3,1188FF,000000
1765,BKK,176E,3,1188FF,000000
1765,BKK,176E,3,1188FF,000000
1780,BKK,178,3,1188FF,000000
1780,BKK,178,3,1188FF,000000
1790,BKK,179,3,1188FF,000000
1790,BKK,179,3,1188FF,000000
1810,BKK,181,3,1188FF,000000
1810,BKK,181,3,1188FF,000000
1820,BKK,182,3,1188FF,000000
1820,BKK,182,3,1188FF,000000
1830,BKK,183,3,1188FF,000000
1830,BKK,183,3,1188FF,000000
1840,BKK,184,3,1188FF,000000
1840,BKK,184,3,1188FF,000000
1850,BKK,185,3,1188FF,000000
1850,BKK,185,3,1188FF,000000
1860,BKK,186,3,1188FF,000000
1860,BKK,186,3,1188FF,000000
1870,BKK,187,3,1188FF,000000
1870,BKK,187,3,1188FF,000000
1885,BKK,188E,3,1188FF,000000
1885,BKK,188E,3,1188FF,000000
1910,BKK,191,3,1188FF,000000
1910,BKK,191,3,1188FF,000000
1935,BKK,193E,3,1188FF,000000
1935,BKK,193E,3,1188FF,000000
1940,BKK,194,3,1188FF,000000
1940,BKK,194,3,1188FF,000000
1960,BKK,196,3,1188FF,000000
1960,BKK,196,3,1188FF,000000
1961,BKK,196A,3,1188FF,000000
1961,BKK,196A,3,1188FF,000000
1970,BKK,197,3,1188FF,000000
1980,BKK,198,3,1188FF,000000
1980,BKK,198,3,1188FF,000000
1990,BKK,199,3,1188FF,000000
1990,BKK,199,3,1188FF,000000
2005,BKK,200E,3,1188FF,000000
2005,BKK,200E,3,1188FF,000000
2015,BKK,201E,3,1188FF,000000
2015,BKK,201E,3,1188FF,000000
2025,BKK,202E,3,1188FF,000000
2025,BKK,202E,3,1188FF,000000
2030,BKK,203,3,1188FF,000000
2030,BKK,203,3,1188FF,000000
2040,BKK,204,3,1188FF,000000
2040,BKK,204,3,1188FF,000000
2120,BKK,212,3,1188FF,000000
2120,BKK,212,3,1188FF,000000
2130,BKK,213,3,1188FF,000000
2130,BKK,213,3,1188FF,000000
2140,BKK,214,3,1188FF,000000
2140,BKK,214,3,1188FF,000000
2170,BKK,217,3,1188FF,000000
2170,BKK,217,3,1188FF,000000
2175,BKK,217E,3,1188FF,000000
2175,BKK,217E,3,1188FF,000000
2180,BKK,218,3,1188FF,000000
2180,BKK,218,3,1188FF,000000
2187,BKK,218,3,1188FF,000000
2187,BKK,218,3,1188FF,000000
2200,BKK,220,3,1188FF,000000
2200,BKK,220,3,1188FF,000000
2220,BKK,222,3,1188FF,000000
2220,BKK,222,3,1188FF,000000
2240,BKK,224,3,1188FF,000000
2250,BKK,225,3,1188FF,000000
2250,BKK,225,3,1188FF,000000
2260,BKK,226,3,1188FF,000000
2260,BKK,226,3,1188FF,000000
2300,BKK,230,3,1188FF,000000
2300,BKK,230,3,1188FF,000000
2310,BKK,231,3,1188FF,000000
2310,BKK,231,3,1188FF,000000
2335,BKK,233E,3,1188FF,000000
2335,BKK,233E,3,1188FF,000000
2370,BKK,237,3,1188FF,000000
2370,BKK,237,3,1188FF,000000
2390,BKK,239,3,1188FF,000000
2390,BKK,239,3,1188FF,000000
2400,BKK,240,3,1188FF,000000
2400,BKK,240,3,1188FF,000000
2405,BKK,240E,3,1188FF,000000
2405,BKK,240E,3,1188FF,000000
2430,BKK,243,3,1188FF,000000
2440,BKK,244,3,1188FF,000000
2440,BKK,244,3,1188FF,000000
2500,BKK,250,3,1188FF,000000
2500,BKK,250,3,1188FF,000000
2501,BKK,250A,3,1188FF,000000
2501,BKK,250A,3,1188FF,000000
2510,BKK,251,3,1188FF,000000
2510,BKK,251,3,1188FF,000000
2545,BKK,254E,3,1188FF,000000
2545,BKK,254E,3,1188FF,000000
2570,BKK,257,3,1188FF,000000
2600,BKK,260,3,1188FF,000000
2600,BKK,260,3,1188FF,000000
2615,BKK,261E,3,1188FF,000000
2615,BKK,261E,3,1188FF,000000
2620,BKK,262,3,1188FF,000000
2620,BKK,262,3,1188FF,000000
2640,BKK,264,3,1188FF,000000
2640,BKK,264,3,1188FF,000000
2660,BKK,266,3,1188FF,000000
2660,BKK,266,3,1188FF,000000
2720,BKK,272,3,1188FF,000000
2720,BKK,272,3,1188FF,000000
2765,BKK,276E,3,1188FF,000000
2765,BKK,276E,3,1188FF,000000
2770,BKK,277,3,1188FF,000000
2770,BKK,277,3,1188FF,000000
2810,BKK,281,3,1188FF,000000
2825,BKK,282E,3,1188FF,000000
2825,BKK,282E,3,1188FF,000000
2845,BKK,284E,3,1188FF,000000
2845,BKK,284E,3,1188FF,000000
2910,BKK,291,3,1188FF,000000
2910,BKK,291,3,1188FF,000000
2945,BKK,294E,3,1188FF,000000
2945,BKK,294E,3,1188FF,000000
2960,BKK,296,3,1188FF,000000
2960,BKK,296,3,1188FF,000000
3010,BKK,1,0,FFEE00,000000
3010,BKK,1,0,FFEE00,000000
3011,BKK,1A,0,FFEE00,000000
3011,BKK,1A,0,FFEE00,000000
3020,BKK,2,0,FFEE00,000000
3020,BKK,2,0,FFEE00,000000
3030,BKK,3,0,FFEE00,000000
3030,BKK,3,0,FFEE00,000000
3040,BKK,4,0,FFEE00,000000
3040,BKK,4,0,FFEE00,000000
3060,BKK,6,0,FFEE00,000000
3060,BKK,6,0,FFEE00,000000
3120,BKK,12,0,FFEE00,000000
3120,BKK,12,0,FFEE00,000000
3140,BKK,14,0,FFEE00,000000
3140,BKK,14,0,FFEE00,000000
3170,BKK,17,0,FFEE00,000000
3170,BKK,17,0,FFEE00,000000
3180,BKK,18,0,FFEE00,000000
3180,BKK,18,0,FFEE00,000000
3190,BKK,19,0,FFEE00,000000
3190,BKK,19,0,FFEE00,000000
3240,BKK,24,0,FFEE00,000000
3240,BKK,24,0,FFEE00,000000
3280,BKK,28,0,FFEE00,000000
3280,BKK,28,0,FFEE00,000000
3281,BKK,28A,0,FFEE00,000000
3281,BKK,28A,0,FFEE00,000000
3370,BKK,37,0,FFEE00,000000
3370,BKK,37,0,FFEE00,000000
3371,BKK,37A,0,FFEE00,000000
3371,BKK,37A,0,FFEE00,000000
3410,BKK,41,0,FFEE00,000000
3410,BKK,41,0,FFEE00,000000
3470,BKK,47,0,FFEE00,000000
3470,BKK,47,0,FFEE00,000000
3490,BKK,49,0,FFEE00,000000
3490,BKK,49,0,FFEE00,000000
3500,BKK,50,0,FFEE00,000000
3500,BKK,50,0,FFEE00,000000
3510,BKK,51,0,FFEE00,000000
3510,BKK,51,0,FFEE00,000000
3511,BKK,51A,0,FFEE00,000000
3511,BKK,51A,0,FFEE00,000000
3520,BKK,52,0,FFEE00,000000
3520,BKK,52,0,FFEE00,000000
3590,BKK,59,0,FFEE00,000000
3590,BKK,59,0,FFEE00,000000
3591,BKK,59A,0,FFEE00,000000
3591,BKK,59A,0,FFEE00,000000
3600,BKK,60,0,FF1818,000000
3600,BKK,60,0,FF1818,000000
3610,BKK,61,0,FFEE00,000000
3610,BKK,61,0,FFEE00,000000
3620,BKK,62,0,FFEE00,000000
3620,BKK,62,0,FFEE00,000000
3621,BKK,62A,0,FFEE00,000000
3621,BKK,62A,0,FFEE00,000000
3690,BKK,69,0,FFEE00,000000
3690,BKK,69,0,FFEE00,000000
4700,BKK,70,3,FF1818,000000
4700,BKK,70,3,FF1818,000000
4720,BKK,72,3,FF1818,000000
4720,BKK,72,3,FF1818,000000
4730,BKK,73,3,FF1818,000000
4730,BKK,73,3,FF1818,000000
4740,BKK,74,3,FF1818,000000
4740,BKK,74,3,FF1818,000000
4741,BKK,74A,3,FF1818,000000
4741,BKK,74A,3,FF1818,000000
4750,BKK,75,3,FF1818,000000
4750,BKK,75,3,FF1818,000000
4760,BKK,76,3,FF1818,000000
4760,BKK,76,3,FF1818,000000
4770,BKK,77,3,FF1818,000000
4770,BKK,77,3,FF1818,000000
4780,BKK,78,3,FF1818,000000
4780,BKK,78,3,FF1818,000000
4790,BKK,79,3,FF1818,000000
4790,BKK,79,3,FF1818,000000
4800,BKK,80,3,FF1818,000000
4800,BKK,80,3,FF1818,000000
4801,BKK,80A,3,FF1818,000000
4801,BKK,80A,3,FF1818,000000
4810,BKK,81,3,FF1818,000000
4810,BKK,81,3,FF1818,000000
4820,BKK,82,3,FF1818,000000
4820,BKK,82,3,FF1818,000000
4830,BKK,83,3,FF1818,000000
4830,BKK,83,3,FF1818,000000
5100,BKK,M1,1,FFAA00,000000
5100,BKK,M1,1,FFAA00,000000
5200,BKK,M2,1,CC0000,FFFFFF
5200,BKK,M2,1,CC0000,FFFFFF
5300,BKK,M3,1,0000FF,FFFFFF
5300,BKK,M3,1,0000FF,FFFFFF
6100,BKK,H8,2,D36E70,FFFFFF
6100,BKK,H8,2,D36E70,FFFFFF
6130,BKK,H8,2,D36E70,FFFFFF
6130,BKK,H8,2,D36E70,FFFFFF
6150,BKK,H9,2,D36E70,FFFFFF
6150,BKK,H9,2,D36E70,FFFFFF
6200,BKK,H6,2,955F20,FFFFFF
6200,BKK,H6,2,955F20,FFFFFF
6210,BKK,H6,2,955F20,FFFFFF
6210,BKK,H6,2,955F20,FFFFFF
6230,BKK,H6,2,955F20,FFFFFF
6230,BKK,H6,2,955F20,FFFFFF
6300,BKK,H7,2,EC7C26,FFFFFF
6300,BKK,H7,2,EC7C26,FFFFFF
6400,BKK,H5,2,A03472,FFFFFF
6400,BKK,H5,2,A03472,FFFFFF
6470,BKK,H5,2,A03472,FFFFFF
6470,BKK,H5,2,A03472,FFFFFF
8110,BKK,D11,4,2C008C,FFFFFF
8110,BKK,D11,4,2C008C,FFFFFF
8120,BKK,D12,4,961B1E,FFFFFF
8120,BKK,D12,4,961B1E,FFFFFF
8130,BKK,D13,4,5F060D,FFFFFF
8130,BKK,D13,4,5F060D,FFFFFF
9000,BKK,900,3,333333,FFFFFF
9000,BKK,900,3,333333,FFFFFF
9010,BKK,901,3,333333,FFFFFF
9010,BKK,901,3,333333,FFFFFF
9070,BKK,907,3,333333,FFFFFF
9070,BKK,907,3,333333,FFFFFF
9080,BKK,908,3,333333,FFFFFF
9080,BKK,908,3,333333,FFFFFF
9090,BKK,909,3,333333,FFFFFF
9090,BKK,909,3,333333,FFFFFF
9140,BKK,914,3,333333,FFFFFF
9140,BKK,914,3,333333,FFFFFF
9141,BKK,914A,3,333333,FFFFFF
9141,BKK,914A,3,333333,FFFFFF
9160,BKK,916,3,333333,FFFFFF
9160,BKK,916,3,333333,FFFFFF
9180,BKK,918,3,333333,FFFFFF
9180,BKK,918,3,333333,FFFFFF
9220,BKK,922,3,333333,FFFFFF
9220,BKK,922,3,333333,FFFFFF
9230,BKK,923,3,333333,FFFFFF
9230,BKK,923,3,333333,FFFFFF
9300,BKK,930,3,333333,FFFFFF
9300,BKK,930,3,333333,FFFFFF
9310,BKK,931,3,333333,FFFFFF
9310,BKK,931,3,333333,FFFFFF
9340,BKK,934,3,333333,FFFFFF
9340,BKK,934,3,333333,FFFFFF
9370,BKK,937,3,333333,FFFFFF
9380,BKK,938,3,333333,FFFFFF
9380,BKK,938,3,333333,FFFFFF
9400,BKK,940,3,333333,FFFFFF
9400,BKK,940,3,333333,FFFFFF
9410,BKK,941,3,333333,FFFFFF
9410,BKK,941,3,333333,FFFFFF
9430,BKK,943,3,333333,FFFFFF
9430,BKK,943,3,333333,FFFFFF
9480,BKK,948,3,333333,FFFFFF
9480,BKK,948,3,333333,FFFFFF
9500,BKK,950,3,333333,FFFFFF
9500,BKK,950,3,333333,FFFFFF
9501,BKK,950A,3,333333,FFFFFF
9560,BKK,956,3,333333,FFFFFF
9560,BKK,956,3,333333,FFFFFF
9600,BKK,960,3,333333,FFFFFF
9600,BKK,960,3,333333,FFFFFF
9630,BKK,963,3,333333,FFFFFF
9630,BKK,963,3,333333,FFFFFF
9640,BKK,964,3,333333,FFFFFF
9640,BKK,964,3,333333,FFFFFF
9660,BKK,966,3,333333,FFFFFF
9660,BKK,966,3,333333,FFFFFF
9680,BKK,968,3,333333,FFFFFF
9680,BKK,968,3,333333,FFFFFF
9720,BKK,972,3,333333,FFFFFF
9720,BKK,972,3,333333,FFFFFF
9730,BKK,973,3,333333,FFFFFF
9730,BKK,973,3,333333,FFFFFF
9790,BKK,979,3,333333,FFFFFF
9790,BKK,979,3,333333,FFFFFF
9791,BKK,979A,3,333333,FFFFFF
9791,BKK,979A,3,333333,FFFFFF
9800,BKK,980,3,333333,FFFFFF
9800,BKK,980,3,333333,FFFFFF
9900,BKK,990,3,333333,FFFFFF
9900,BKK,990,3,333333,FFFFFF
9920,BKK,992,3,333333,FFFFFF
9920,BKK,992,3,333333,FFFFFF
9940,BKK,994,3,333333,FFFFFF
9940,BKK,994,3,333333,FFFFFF
9960,BKK,996,3,333333,FFFFFF
9960,BKK,996,3,333333,FFFFFF
9961,BKK,996A,3,333333,FFFFFF
9961,BKK,996A,3,333333,FFFFFF
9980,BKK,998,3,333333,FFFFFF
9980,BKK,998,3,333333,FFFFFF
9990,BKK,999,3,333333,FFFFFF
9990,BKK,999,3,333333,FFFFFF
